spell,rank,learned,cost_and_cooldown,forever_text,classic_status,classic_text,source,spell_id
Throw,,,8-30 yd range; 0.5 sec cast; 1.7 sec cooldown; Requires Thrown,Hurl a thrown weapon at the target.,,,demo,
Shoot Bow,,,8-30 yd range; 1 sec cast; 1.7 sec cooldown,,,,demo,
Shoot Crossbow,,Requires level 1,,Attack with an equipped wand.,,,classic,5019
Shoot Gun,,,8-30 yd range; 1 sec cast; 1.7 sec cooldown; Requires Guns,,,,demo,
Dual Wield,Passive,,,Allows one-hand and off-hand weapons to be equipped in the off-hand.,,,classic,674
Armor Proficiency,Passive,,Passive,You are proficient in the use of the following armor types: the ones your class can wear.,,,demo,
Block,Passive,Requires level 1,,Gives a chance to block enemy melee and ranged attacks.,,,classic,107
Dodge,Passive,,Passive,Gives a chance to dodge enemy melee attacks.,,,demo,
Parry,Passive,Requires level 1,,Gives a chance to parry enemy melee attacks.,,,classic,3127
Battle Stance,,Learned at level 1,Instant; 1 sec cooldown,A balanced combat stance.,same,,beta,2457
Charge,Rank 1,Learned at level 4,8-25 yd range; Instant; 15 sec cooldown; Requires Battle Stance,"Charge an enemy, generate 9 Rage, and Stun it for 1 sec. Cannot be used in combat.",same,,beta,100
Charge,Rank 2,Learned at level 26,8-25 yd range; Instant; 15 sec cooldown; Requires Battle Stance,"Charge an enemy, generate 12 Rage, and Stun it for 1 sec. Cannot be used in combat.",same,,beta,6178
Charge,Rank 3,Learned at level 46,8-25 yd range; Instant; 15 sec cooldown; Requires Battle Stance,"Charge an enemy, generate 15 Rage, and Stun it for 1 sec. Cannot be used in combat.",same,,beta,11578
Hamstring,Rank 1,Learned at level 8,"10 Rage; Melee Range; Instant; Requires Battle Stance, Berserker Stance","Maims the enemy, causing 5 damage and slowing the enemy's movement by 40% for 15 sec.",same,,beta,1715
Hamstring,Rank 2,Learned at level 32,"10 Rage; Melee Range; Instant; Requires Battle Stance, Berserker Stance","Maims the enemy, causing 18 damage and slowing the enemy's movement by 45% for 15 sec.",same,,beta,7372
Hamstring,Rank 3,Learned at level 54,"10 Rage; Melee Range; Instant; Requires Battle Stance, Berserker Stance","Maims the enemy, causing 45 damage and slowing the enemy's movement by 50% for 15 sec.",same,,beta,7373
Heroic Strike,Rank 1,Learned at level 1,15 Rage; Next melee,A strong attack that increases melee damage by 11 and causes a high amount of threat.,same,,beta,78
Heroic Strike,Rank 2,Learned at level 8,15 Rage; Next melee,A strong attack that increases melee damage by 21 and causes a high amount of threat.,same,,beta,284
Heroic Strike,Rank 3,Learned at level 16,15 Rage; Next melee,A strong attack that increases melee damage by 32 and causes a high amount of threat.,same,,beta,285
Heroic Strike,Rank 4,Learned at level 24,15 Rage; Next melee,A strong attack that increases melee damage by 44 and causes a high amount of threat.,same,,beta,1608
Heroic Strike,Rank 5,Learned at level 32,15 Rage; Next melee,A strong attack that increases melee damage by 58 and causes a high amount of threat.,same,,beta,11564
Heroic Strike,Rank 6,Learned at level 40,15 Rage; Next melee,A strong attack that increases melee damage by 80 and causes a high amount of threat.,same,,beta,11565
Heroic Strike,Rank 7,Learned at level 48,15 Rage; Next melee,A strong attack that increases melee damage by 111 and causes a high amount of threat.,same,,beta,11566
Heroic Strike,Rank 8,Learned at level 56,15 Rage; Next melee,A strong attack that increases melee damage by 138 and causes a high amount of threat.,same,,beta,11567
Heroic Strike,Rank 9,Learned at level 60,15 Rage; Next melee,A strong attack that increases melee damage by 157 and causes a high amount of threat.,same,,beta,25286
Mocking Blow,Rank 1,Learned at level 16,10 Rage; Melee Range; Instant; 2 min cooldown; Requires Battle Stance,"A mocking attack that causes 22 damage, a moderate amount of threat and forces the target to focus attacks on you for 6 sec.",same,,beta,694
Mocking Blow,Rank 2,Learned at level 26,10 Rage; Melee Range; Instant; 2 min cooldown; Requires Battle Stance,"A mocking attack that causes 31 damage, a moderate amount of threat and forces the target to focus attacks on you for 6 sec.",same,,beta,7400
Mocking Blow,Rank 3,Learned at level 36,10 Rage; Melee Range; Instant; 2 min cooldown; Requires Battle Stance,"A mocking attack that causes 46 damage, a moderate amount of threat and forces the target to focus attacks on you for 6 sec.",same,,beta,7402
Mocking Blow,Rank 4,Learned at level 46,10 Rage; Melee Range; Instant; 2 min cooldown; Requires Battle Stance,"A mocking attack that causes 71 damage, a moderate amount of threat and forces the target to focus attacks on you for 6 sec.",same,,beta,20559
Mocking Blow,Rank 5,Learned at level 56,10 Rage; Melee Range; Instant; 2 min cooldown; Requires Battle Stance,"A mocking attack that causes 93 damage, a moderate amount of threat and forces the target to focus attacks on you for 6 sec.",same,,beta,20560
Mortal Strike,Rank 1,Learned at level 40,30 Rage; Melee Range; Instant; 6 sec cooldown,"A vicious strike that deals weapon damage plus 85 and wounds the target, reducing the effectiveness of any healing by 50% for 10 sec.",same,,beta,12294
Mortal Strike,Rank 2,Learned at level 48,30 Rage; Melee Range; Instant; 6 sec cooldown,"A vicious strike that deals weapon damage plus 110 and wounds the target, reducing the effectiveness of any healing by 50% for 10 sec.",same,,beta,21551
Mortal Strike,Rank 3,Learned at level 54,30 Rage; Melee Range; Instant; 6 sec cooldown,"A vicious strike that deals weapon damage plus 135 and wounds the target, reducing the effectiveness of any healing by 50% for 10 sec.",same,,beta,21552
Mortal Strike,Rank 4,Learned at level 60,30 Rage; Melee Range; Instant; 6 sec cooldown,"A vicious strike that deals weapon damage plus 160 and wounds the target, reducing the effectiveness of any healing by 50% for 10 sec.",same,,beta,21553
Overpower,Rank 1,Learned at level 12,5 Rage; Melee Range; Instant; 5 sec cooldown; Requires Battle Stance,"Instantly overpower the enemy, causing weapon damage plus 5. Only useable after the target dodges. The Overpower cannot be blocked, dodged or parried.",same,,beta,7384
Overpower,Rank 2,Learned at level 28,5 Rage; Melee Range; Instant; 5 sec cooldown; Requires Battle Stance,"Instantly overpower the enemy, causing weapon damage plus 15. Only useable after the target dodges. The Overpower cannot be blocked, dodged or parried.",same,,beta,7887
Overpower,Rank 3,Learned at level 44,5 Rage; Melee Range; Instant; 5 sec cooldown; Requires Battle Stance,"Instantly overpower the enemy, causing weapon damage plus 25. Only useable after the target dodges. The Overpower cannot be blocked, dodged or parried.",same,,beta,11584
Overpower,Rank 4,Learned at level 60,5 Rage; Melee Range; Instant; 5 sec cooldown; Requires Battle Stance,"Instantly overpower the enemy, causing weapon damage plus 35. Only useable after the target dodges. The Overpower cannot be blocked, dodged or parried.",same,,beta,11585
Rend,Rank 1,Learned at level 4,"10 Rage; Melee Range; Instant; Requires Battle Stance, Defensive Stance",Wounds the target causing them to bleed for 15 damage over 9 sec.,same,,beta,772
Rend,Rank 2,Learned at level 10,"10 Rage; Melee Range; Instant; Requires Battle Stance, Defensive Stance",Wounds the target causing them to bleed for 28 damage over 12 sec.,same,,beta,6546
Rend,Rank 3,Learned at level 20,"10 Rage; Melee Range; Instant; Requires Battle Stance, Defensive Stance",Wounds the target causing them to bleed for 45 damage over 15 sec.,same,,beta,6547
Rend,Rank 4,Learned at level 30,"10 Rage; Melee Range; Instant; Requires Battle Stance, Defensive Stance",Wounds the target causing them to bleed for 66 damage over 18 sec.,same,,beta,6548
Rend,Rank 5,Learned at level 40,"10 Rage; Melee Range; Instant; Requires Battle Stance, Defensive Stance",Wounds the target causing them to bleed for 98 damage over 21 sec.,same,,beta,11572
Rend,Rank 6,Learned at level 50,"10 Rage; Melee Range; Instant; Requires Battle Stance, Defensive Stance",Wounds the target causing them to bleed for 126 damage over 21 sec.,same,,beta,11573
Rend,Rank 7,Learned at level 60,"10 Rage; Melee Range; Instant; Requires Battle Stance, Defensive Stance",Wounds the target causing them to bleed for 147 damage over 21 sec.,same,,beta,11574
Retaliation,,Learned at level 20,Instant; 15 min cooldown; Requires Battle Stance,Instantly counterattack any enemy that strikes you in melee for 15 sec. Melee attacks made from behind cannot be counterattacked. A maximum of 30 attacks will cause retaliation.,changed,,beta,20230
Spearing Strike,,Learned at level 1,"15 Rage; Melee Range; Instant; 20 sec cooldown; Requires Two-Handed Axes, Two-Handed Maces, Polearms, Two-Handed Swords, Staves","A brutal attack that deals 40% weapon damage. Deals an additional 80% weapon damage against Giants, Dragonkin, and mounted targets. Mounted targets are dismounted.",new,,beta,1310222
Sweeping Strikes,,Learned at level 30,30 Rage; Instant; 30 sec cooldown; Requires Battle Stance,Your next 5 melee attacks strike an additional nearby opponent.,same,,beta,12292
Tactical Mastery,,Learned at level 14,,You retain up to 10 Rage when you change Stances.,note,,beta,1310185
Thunder Clap,Rank 1,Learned at level 6,"20 Rage; Instant; 6 sec cooldown; Requires Battle Stance, Defensive Stance","Blasts nearby enemies, increasing the time between their attacks by 20% for 10 sec and doing 10 damage to them. Will affect up to 4 targets.",changed,Blasts nearby enemies increasing the time between their attacks by 10% for 10 sec and doing 10 damage to them. Will affect up to 4 targets.,beta,6343
Thunder Clap,Rank 2,Learned at level 18,"20 Rage; Instant; 6 sec cooldown; Requires Battle Stance, Defensive Stance","Blasts nearby enemies with thunder increasing, the time between their attacks by 20% for 14 sec and doing 23 damage to them. Will affect up to 4 targets.",changed,Blasts nearby enemies with thunder increasing the time between their attacks by 10% for 14 sec and doing 23 damage to them. Will affect up to 4 targets.,beta,8198
Thunder Clap,Rank 3,Learned at level 28,"20 Rage; Instant; 6 sec cooldown; Requires Battle Stance, Defensive Stance","Blasts nearby enemies with thunder, increasing the time between their attacks by 20% for 18 sec and doing 37 damage to them. Will affect up to 4 targets.",changed,Blasts nearby enemies with thunder increasing the time between their attacks by 10% for 18 sec and doing 37 damage to them. Will affect up to 4 targets.,beta,8204
Thunder Clap,Rank 4,Learned at level 38,"20 Rage; Instant; 6 sec cooldown; Requires Battle Stance, Defensive Stance","Blasts nearby enemies with thunder, increasing the time between their attacks by 20% for 22 sec and doing 55 damage to them. Will affect up to 4 targets.",changed,Blasts nearby enemies with thunder increasing the time between their attacks by 10% for 22 sec and doing 55 damage to them. Will affect up to 4 targets.,beta,8205
Thunder Clap,Rank 5,Learned at level 48,"20 Rage; Instant; 6 sec cooldown; Requires Battle Stance, Defensive Stance","Blasts nearby enemies with thunder, increasing the time between their attacks by 20% for 26 sec and doing 82 damage to them. Will affect up to 4 targets.",changed,Blasts nearby enemies with thunder increasing the time between their attacks by 10% for 26 sec and doing 82 damage to them. Will affect up to 4 targets.,beta,11580
Thunder Clap,Rank 6,Learned at level 58,"20 Rage; Instant; 6 sec cooldown; Requires Battle Stance, Defensive Stance","Blasts nearby enemies with thunder, increasing the time between their attacks by 20% for 30 sec and doing 103 damage to them. Will affect up to 4 targets.",changed,Blasts nearby enemies with thunder increasing the time between their attacks by 10% for 30 sec and doing 103 damage to them. Will affect up to 4 targets.,beta,11581
Victory Rush,,Learned at level 20,Melee Range; Instant; 30 sec cooldown,Instantly attack the target causing 15% of Attack Power damage and healing you for 10% of your maximum health. Only useable within 20 sec after you kill a non-trivial enemy.,new,,beta,402927
Battle Shout,Rank 1,Learned at level 1,10 Rage; Instant,"The warrior shouts, increasing the melee attack power of all party members within 20 yards by 12. Lasts 3 min.",changed,"The warrior shouts, increasing the melee attack power of all party members within 20 yards by 20. Lasts 2 min.",beta,6673
Battle Shout,Rank 2,Learned at level 12,10 Rage; Instant,"The warrior shouts, increasing the melee attack power of all party members within 20 yards by 23. Lasts 3 min.",changed,"The warrior shouts, increasing the melee attack power of all party members within 20 yards by 39. Lasts 2 min.",beta,5242
Battle Shout,Rank 3,Learned at level 22,10 Rage; Instant,"The warrior shouts, increasing the melee attack power of all party members within 20 yards by 35. Lasts 3 min.",changed,"The warrior shouts, increasing the melee attack power of all party members within 20 yards by 59. Lasts 2 min.",beta,6192
Battle Shout,Rank 4,Learned at level 32,10 Rage; Instant,"The warrior shouts, increasing the melee attack power of all party members within 20 yards by 56. Lasts 3 min.",changed,"The warrior shouts, increasing the melee attack power of all party members within 20 yards by 94. Lasts 2 min.",beta,11549
Battle Shout,Rank 5,Learned at level 42,10 Rage; Instant,"The warrior shouts, increasing the melee attack power of all party members within 20 yards by 83. Lasts 3 min.",changed,"The warrior shouts, increasing the melee attack power of all party members within 20 yards by 139. Lasts 2 min.",beta,11550
Battle Shout,Rank 6,Learned at level 52,10 Rage; Instant,"The warrior shouts, increasing the melee attack power of all party members within 20 yards by 115. Lasts 3 min.",changed,"The warrior shouts, increasing the melee attack power of all party members within 20 yards by 193. Lasts 2 min.",beta,11551
Battle Shout,Rank 7,Learned at level 60,10 Rage; Instant,"The warrior shouts, increasing the melee attack power of all party members within 20 yards by 139. Lasts 3 min.",changed,"The warrior shouts, increasing the melee attack power of all party members within 20 yards by 232. Lasts 2 min.",beta,25289
Berserker Rage,,Learned at level 32,Instant; 30 sec cooldown; Requires Berserker Stance,"The warrior enters a berserker rage, becoming immune to Fear and Incapacitate effects and generating extra rage when taking damage. Lasts 10 sec.",same,,beta,18499
Berserker Stance,,Learned at level 30,Instant; 1 sec cooldown,An aggressive stance. Critical strike chance increased by 3% and all damage taken is increased by 10%.,changed,An aggressive stance. Critical hit chance is increased by 3% and all damage taken is increased by 10%.,beta,2458
Bloodthirst,Rank 1,Learned at level 40,30 Rage; Melee Range; Instant; 6 sec cooldown,Instantly attack the target causing damage equal to 35% of your Attack Power plus 30 and increasing your movement speed by 10% for 10 sec.,changed,"Instantly attack the target causing damage equal to 45% of your attack power. In addition, the next 5 successful melee attacks will restore 10 health. This effect lasts 8 sec.",beta,23881
Bloodthirst,Rank 2,Learned at level 48,30 Rage; Melee Range; Instant; 6 sec cooldown,Instantly attack the target causing damage equal to 35% of your Attack Power plus 37 and increasing your movement speed by 10% for 10 sec.,changed,"Instantly attack the target causing damage equal to 45% of your attack power. In addition, the next 5 successful melee attacks will restore 13 health. This effect lasts 8 sec.",beta,23892
Bloodthirst,Rank 3,Learned at level 54,30 Rage; Melee Range; Instant; 6 sec cooldown,Instantly attack the target causing damage equal to 35% of your Attack Power plus 43 and increasing your movement speed by 10% for 10 sec.,changed,"Instantly attack the target causing damage equal to 45% of your attack power. In addition, the next 5 successful melee attacks will restore 17 health. This effect lasts 8 sec.",beta,23893
Bloodthirst,Rank 4,Learned at level 60,30 Rage; Melee Range; Instant; 6 sec cooldown,Instantly attack the target causing damage equal to 35% of your Attack Power plus 48 and increasing your movement speed by 10% for 10 sec.,changed,"Instantly attack the target causing damage equal to 45% of your attack power. In addition, the next 5 successful melee attacks will restore 20 health. This effect lasts 8 sec.",beta,23894
Challenging Shout,,Learned at level 26,5 Rage; Instant; 10 min cooldown,Forces all nearby enemies within 10 yards to focus attacks on you for 6 sec.,changed,Forces all nearby enemies to focus attacks on you for 6 sec.,beta,1161
Cleave,Rank 1,Learned at level 20,20 Rage; Next melee,A sweeping attack that does your weapon damage plus 5 to the target and a second nearby enemy.,changed,A sweeping attack that does your weapon damage plus 5 to the target and his nearest ally.,beta,845
Cleave,Rank 2,Learned at level 30,20 Rage; Next melee,A sweeping attack that does your weapon damage plus 10 to the target and a second nearby enemy.,changed,A sweeping attack that does your weapon damage plus 10 to the target and his nearest ally.,beta,7369
Cleave,Rank 3,Learned at level 40,20 Rage; Next melee,A sweeping attack that does your weapon damage plus 18 to the target and a second nearby enemy.,changed,A sweeping attack that does your weapon damage plus 18 to the target and his nearest ally.,beta,11608
Cleave,Rank 4,Learned at level 50,20 Rage; Next melee,A sweeping attack that does your weapon damage plus 32 to the target and a second nearby enemy.,changed,A sweeping attack that does your weapon damage plus 32 to the target and his nearest ally.,beta,11609
Cleave,Rank 5,Learned at level 60,20 Rage; Next melee,A sweeping attack that does your weapon damage plus 50 to the target and a second nearby enemy.,changed,A sweeping attack that does your weapon damage plus 50 to the target and his nearest ally.,beta,20569
Death Wish,,Learned at level 1,10 Rage; Instant; 3 min cooldown,"When activated, increases your Physical damage done by 20% and makes you immune to Fear effects, but increases all damage you take by 5%. Lasts 30 sec.",changed,"When activated, increases your physical damage by 20% and makes you immune to Fear effects, but lowers your armor and all resistances by 20%. Lasts 30 sec.",beta,12328
Demoralizing Shout,Rank 1,Learned at level 14,10 Rage; Instant,Reduces the melee attack power of all enemies within 10 yards by 62 for 45 sec.,changed,Reduces the melee attack power of all enemies within 10 yards by 45 for 30 sec.,beta,1160
Demoralizing Shout,Rank 2,Learned at level 24,10 Rage; Instant,Reduces the melee attack power of all enemies within 10 yards by 90 for 45 sec.,changed,Reduces the melee attack power of all enemies within 10 yards by 65 for 30 sec.,beta,6190
Demoralizing Shout,Rank 3,Learned at level 34,10 Rage; Instant,Reduces the melee attack power of all enemies within 10 yards by 111 for 45 sec.,changed,Reduces the melee attack power of all enemies within 10 yards by 80 for 30 sec.,beta,11554
Demoralizing Shout,Rank 4,Learned at level 44,10 Rage; Instant,Reduces the melee attack power of all enemies within 10 yards by 160 for 45 sec.,changed,Reduces the melee attack power of all enemies within 10 yards by 115 for 30 sec.,beta,11555
Demoralizing Shout,Rank 5,Learned at level 54,10 Rage; Instant,Reduces the melee attack power of all enemies within 10 yards by 204 for 45 sec.,changed,Reduces the melee attack power of all enemies within 10 yards by 146 for 30 sec.,beta,11556
Execute,Rank 1,Learned at level 24,"15 Rage; Melee Range; Instant; Requires Battle Stance, Berserker Stance","Attempt to finish off a wounded foe, causing 125 damage and converting each extra point of rage into 3 additional damage. Only usable on enemies that have 20% or less health.",same,,beta,5308
Execute,Rank 2,Learned at level 32,"15 Rage; Melee Range; Instant; Requires Battle Stance, Berserker Stance","Attempt to finish off a wounded foe, causing 200 damage and converting each extra point of rage into 6 additional damage. Only usable on enemies that have 20% or less health.",same,,beta,20658
Execute,Rank 3,Learned at level 40,"15 Rage; Melee Range; Instant; Requires Battle Stance, Berserker Stance","Attempt to finish off a wounded foe, causing 325 damage and converting each extra point of rage into 9 additional damage. Only usable on enemies that have 20% or less health.",same,,beta,20660
Execute,Rank 4,Learned at level 48,"15 Rage; Melee Range; Instant; Requires Battle Stance, Berserker Stance","Attempt to finish off a wounded foe, causing 450 damage and converting each extra point of rage into 12 additional damage. Only usable on enemies that have 20% or less health.",same,,beta,20661
Execute,Rank 5,Learned at level 56,"15 Rage; Melee Range; Instant; Requires Battle Stance, Berserker Stance","Attempt to finish off a wounded foe, causing 600 damage and converting each extra point of rage into 15 additional damage. Only usable on enemies that have 20% or less health.",same,,beta,20662
Intercept,Rank 1,Learned at level 30,10 Rage; 8-25 yd range; Instant; 30 sec cooldown; Requires Berserker Stance,"Charge an enemy, causing 25 damage and stunning it for 3 sec.",same,,beta,20252
Intercept,Rank 2,Learned at level 42,10 Rage; 8-25 yd range; Instant; 30 sec cooldown; Requires Berserker Stance,"Charge an enemy, causing 45 damage and stunning it for 3 sec.",same,,beta,20616
Intercept,Rank 3,Learned at level 52,10 Rage; 8-25 yd range; Instant; 30 sec cooldown; Requires Berserker Stance,"Charge an enemy, causing 65 damage and stunning it for 3 sec.",same,,beta,20617
Intimidating Shout,,Learned at level 22,25 Rage; 10 yd range; Instant; 3 min cooldown,"The warrior shouts, causing the targeted enemy to cower in fear. Up to 5 total nearby enemies will flee in fear. Lasts 8 sec.",same,,beta,5246
Piercing Howl,,Learned at level 20,10 Rage; Instant,"Causes all nearby enemies to be Dazed, reducing movement speed by 50% for 6 sec.",changed,"Causes all enemies near the warrior to be dazed, reducing movement speed by 50% for 6 sec.",beta,12323
Pummel,Rank 1,Learned at level 38,10 Rage; Melee Range; Instant; 10 sec cooldown; Requires Berserker Stance,Pummel the target for 20 damage. It also interrupts spellcasting and prevents any spell in that school from being cast for 4 sec.,same,,beta,6552
Pummel,Rank 2,Learned at level 58,10 Rage; Melee Range; Instant; 10 sec cooldown; Requires Berserker Stance,Pummel the target for 50 damage. It also interrupts spellcasting and prevents any spell in that school from being cast for 4 sec.,same,,beta,6554
Recklessness,,Learned at level 50,Instant; 30 min cooldown; Requires Berserker Stance,"The warrior will gain 100% increased critical strike chance and will be immune to Fear effects for the next 15 sec, but all damage taken is increased by 20%.",changed,"The warrior will cause critical hits with most attacks and will be immune to Fear effects for the next 15 sec, but all damage taken is increased by 20%.",beta,1719
Slam,Rank 1,Learned at level 20,15 Rage; Melee Range; 1.5 sec cast; 15 sec cooldown,"Slams the opponent, causing weapon damage plus 16.",changed,"Slams the opponent, causing weapon damage plus 32.",beta,1240193
Slam,Rank 2,Learned at level 30,15 Rage; Melee Range; 1.5 sec cast; 15 sec cooldown,"Slams the opponent, causing weapon damage plus 32.",changed,,beta,1464
Slam,Rank 3,Learned at level 38,15 Rage; Melee Range; 1.5 sec cast; 15 sec cooldown,"Slams the opponent, causing weapon damage plus 43.",changed,,beta,8820
Slam,Rank 4,Learned at level 46,15 Rage; Melee Range; 1.5 sec cast; 15 sec cooldown,"Slams the opponent, causing weapon damage plus 68.",changed,,beta,11604
Slam,Rank 5,Learned at level 54,15 Rage; Melee Range; 1.5 sec cast; 15 sec cooldown,"Slams the opponent, causing weapon damage plus 87.",changed,,beta,11605
Whirlwind,,Learned at level 36,25 Rage; Instant; 10 sec cooldown; Requires Berserker Stance,"In a whirlwind of steel you attack up to 4 enemies within 8 yards, causing weapon damage to each enemy.",same,,beta,1680
Bloodrage,,Learned at level 10,Instant; 1 min cooldown,"Generates 10 rage at the cost of health, and then generates an additional 10 rage over 10 sec. The warrior is considered in combat for the duration.",same,,beta,2687
Concussion Blow,,Learned at level 30,10 Rage; Melee Range; Instant; 45 sec cooldown,Stuns the target for 5 sec.,changed,Stuns the opponent for 5 sec.,beta,12809
Defensive Stance,,Learned at level 10,Instant; 1 sec cooldown,A defensive combat stance. Decreases damage taken by 10% and damage caused by 10%. Increases all threat generated by 30%.,changed,A defensive combat stance. Decreases damage taken by 10% and damage caused by 10%. Increases threat generated.,beta,71
Disarm,,Learned at level 18,20 Rage; Melee Range; Instant; 1 min cooldown; Requires Defensive Stance,Disarm the enemy's weapon for 10 sec.,same,,beta,676
Last Stand,,Learned at level 1,Instant; 3 min cooldown,"When activated, this ability temporarily grants you 30% of your maximum health for 20 sec. After the effect expires, the health is lost.",changed,"When activated, this ability temporarily grants you 30% of your maximum hit points for 20 seconds. After the effect expires, the hit points are lost.",beta,12975
Revenge,Rank 1,Learned at level 14,5 Rage; Melee Range; Instant; 5 sec cooldown; Requires Defensive Stance,"Instantly counterattack an enemy for 20 to 24 damage and a high amount of threat. Revenge must follow a block, dodge or parry.",changed,"Instantly counterattack an enemy for 12 to 14 damage and a high amount of threat. Revenge must follow a block, dodge or parry.",beta,6572
Revenge,Rank 2,Learned at level 24,5 Rage; Melee Range; Instant; 5 sec cooldown; Requires Defensive Stance,"Instantly counterattack an enemy for 31 to 37 damage and a high amount of threat. Revenge must follow a block, dodge or parry.",changed,"Instantly counterattack an enemy for 18 to 22 damage and a high amount of threat. Revenge must follow a block, dodge or parry.",beta,6574
Revenge,Rank 3,Learned at level 34,5 Rage; Melee Range; Instant; 5 sec cooldown; Requires Defensive Stance,"Instantly counterattack an enemy for 43 to 53 damage and a high amount of threat. Revenge must follow a block, dodge or parry.",changed,"Instantly counterattack an enemy for 25 to 31 damage and a high amount of threat. Revenge must follow a block, dodge or parry.",beta,7379
Revenge,Rank 4,Learned at level 44,5 Rage; Melee Range; Instant; 5 sec cooldown; Requires Defensive Stance,"Instantly counterattack an enemy for 73 to 91 damage and a high amount of threat. Revenge must follow a block, dodge or parry.",changed,"Instantly counterattack an enemy for 43 to 53 damage and a high amount of threat. Revenge must follow a block, dodge or parry.",beta,11600
Revenge,Rank 5,Learned at level 54,5 Rage; Melee Range; Instant; 5 sec cooldown; Requires Defensive Stance,"Instantly counterattack an enemy for 109 to 133 damage and a high amount of threat. Revenge must follow a block, dodge or parry.",changed,"Instantly counterattack an enemy for 64 to 78 damage and a high amount of threat. Revenge must follow a block, dodge or parry.",beta,11601
Revenge,Rank 6,Learned at level 60,5 Rage; Melee Range; Instant; 5 sec cooldown; Requires Defensive Stance,"Instantly counterattack an enemy for 138 to 168 damage and a high amount of threat. Revenge must follow a block, dodge or parry.",changed,"Instantly counterattack an enemy for 81 to 99 damage and a high amount of threat. Revenge must follow a block, dodge or parry.",beta,25288
Shield Bash,Rank 1,Learned at level 12,"10 Rage; Melee Range; Instant; 12 sec cooldown; Requires Battle Stance, Defensive Stance",Bashes the target with your shield for 6 damage. It also interrupts spellcasting and prevents any spell in that school from being cast for 6 sec.,same,,beta,72
Shield Bash,Rank 2,Learned at level 32,"10 Rage; Melee Range; Instant; 12 sec cooldown; Requires Battle Stance, Defensive Stance",Bashes the target with your shield for 18 damage. It also interrupts spellcasting and prevents any spell in that school from being cast for 6 sec.,same,,beta,1671
Shield Bash,Rank 3,Learned at level 52,"10 Rage; Melee Range; Instant; 12 sec cooldown; Requires Battle Stance, Defensive Stance",Bashes the target with your shield for 45 damage. It also interrupts spellcasting and prevents any spell in that school from being cast for 6 sec.,same,,beta,1672
Shield Block,,Learned at level 16,10 Rage; Instant; 5 sec cooldown; Requires Defensive Stance,"Increases chance to block by 75% for 7 sec, but will only block 2 attacks.",changed,"Increases chance to block by 75% for 5 sec, but will only block 1 attack.",beta,2565
Shield Slam,Rank 1,Learned at level 40,20 Rage; Melee Range; Instant; 6 sec cooldown,"Slam the target with your shield, causing 421 to 439 damage, increased by your Block Value, and has a 50% chance of dispelling 1 magic effect on the target. Causes a very high amount of threat.",changed,"Slam the target with your shield, causing 225 to 235 damage, modified by your shield block value, and has a 50% chance of dispelling 1 magic effect on the target. Also causes a high amount of threat.",beta,23922
Shield Slam,Rank 2,Learned at level 48,20 Rage; Melee Range; Instant; 6 sec cooldown,"Slam the target with your shield, causing 494 to 516 damage, increased by your Block Value, and has a 50% chance of dispelling 1 magic effect on the target. Causes a very high amount of threat.",changed,"Slam the target with your shield, causing 264 to 276 damage, modified by your shield block value, and has a 50% chance of dispelling 1 magic effect on the target. Also causes a high amount of threat.",beta,23923
Shield Slam,Rank 3,Learned at level 54,20 Rage; Melee Range; Instant; 6 sec cooldown,"Slam the target with your shield, causing 567 to 593 damage, increased by your Block Value, and has a 50% chance of dispelling 1 magic effect on the target. Causes a very high amount of threat.",changed,"Slam the target with your shield, causing 303 to 317 damage, modified by your shield block value, and has a 50% chance of dispelling 1 magic effect on the target. Also causes a high amount of threat.",beta,23924
Shield Slam,Rank 4,Learned at level 60,20 Rage; Melee Range; Instant; 6 sec cooldown,"Slam the target with your shield, causing 640 to 670 damage, increased by your Block Value, and has a 50% chance of dispelling 1 magic effect on the target. Causes a very high amount of threat.",changed,"Slam the target with your shield, causing 342 to 358 damage, modified by your shield block value, and has a 50% chance of dispelling 1 magic effect on the target. Also causes a high amount of threat.",beta,23925
Shield Wall,,Learned at level 28,Instant; 15 min cooldown; Requires Defensive Stance,Reduces the damage taken from all attacks by 60% for 12 sec.,changed,"Reduces the damage taken from melee attacks, ranged attacks and spells by 75% for 10 sec.",beta,871
Sunder Armor,Rank 1,Learned at level 10,15 Rage; Melee Range; Instant,"Sunders the target's armor, reducing it by 90 per Sunder Armor and causes a high amount of threat. Can be applied up to 5 times. Lasts 30 sec.",same,,beta,7386
Sunder Armor,Rank 2,Learned at level 22,15 Rage; Melee Range; Instant,"Sunders the target's armor, reducing it by 180 per Sunder Armor and causes a high amount of threat. Can be applied up to 5 times. Lasts 30 sec.",same,,beta,7405
Sunder Armor,Rank 3,Learned at level 34,15 Rage; Melee Range; Instant,"Sunders the target's armor, reducing it by 270 per Sunder Armor and causes a high amount of threat. Can be applied up to 5 times. Lasts 30 sec.",same,,beta,8380
Sunder Armor,Rank 4,Learned at level 46,15 Rage; Melee Range; Instant,"Sunders the target's armor, reducing it by 360 per Sunder Armor and causes a high amount of threat. Can be applied up to 5 times. Lasts 30 sec.",same,,beta,11596
Sunder Armor,Rank 5,Learned at level 58,15 Rage; Melee Range; Instant,"Sunders the target's armor, reducing it by 450 per Sunder Armor and causes a high amount of threat. Can be applied up to 5 times. Lasts 30 sec.",same,,beta,11597
Taunt,,Learned at level 10,Melee Range; Instant; 8 sec cooldown; Requires Defensive Stance,"Taunts the target to attack you, but has no effect if the target is already attacking you.",changed,,beta,355
